{
  "timing": [
    {
      "n_rods": 50,
      "n_pairs": 1225,
      "create_pairs": {
        "cpu_ms": 2.111439313739538,
        "cpu_std_ms": 0.04035685479315604,
        "gpu_ms": 4.592412523925304,
        "gpu_std_ms": 0.04586977188172227,
        "speedup": 0.45976690960132066
      },
      "all_pairwise_distances": {
        "cpu_ms": 0.15328330919146538,
        "cpu_std_ms": 0.0022212046255167994,
        "gpu_ms": 0.08372049778699875,
        "gpu_std_ms": 0.0070130770131299576,
        "speedup": 1.830893428052088
      },
      "total_effective_potential": {
        "cpu_ms": 0.5144039168953896,
        "cpu_std_ms": 0.006845989861247936,
        "gpu_ms": 0.33014528453350067,
        "gpu_std_ms": 0.11634549757195953,
        "speedup": 1.558113778975364
      },
      "grad_total_effective_potential": {
        "cpu_ms": 1.372533943504095,
        "cpu_std_ms": 0.023216085729663046,
        "gpu_ms": 0.3735438920557499,
        "gpu_std_ms": 0.10219788800106966,
        "speedup": 3.6743578805439285
      }
    },
    {
      "n_rods": 100,
      "n_pairs": 4950,
      "create_pairs": {
        "cpu_ms": 2.6843613013625145,
        "cpu_std_ms": 0.061693059003639666,
        "gpu_ms": 3.7125488743185997,
        "gpu_std_ms": 0.06127149021479766,
        "speedup": 0.72305076437686
      },
      "all_pairwise_distances": {
        "cpu_ms": 0.5954321473836899,
        "cpu_std_ms": 0.0032421576273726003,
        "gpu_ms": 0.07088836282491684,
        "gpu_std_ms": 0.010105468316421158,
        "speedup": 8.39957538382307
      },
      "total_effective_potential": {
        "cpu_ms": 2.150061447173357,
        "cpu_std_ms": 0.00816108422064386,
        "gpu_ms": 0.2599828876554966,
        "gpu_std_ms": 0.09306823046295153,
        "speedup": 8.270011409452472
      },
      "grad_total_effective_potential": {
        "cpu_ms": 4.140274412930012,
        "cpu_std_ms": 0.050427072255764524,
        "gpu_ms": 0.48715872690081596,
        "gpu_std_ms": 0.03585492148526738,
        "speedup": 8.498820167441973
      }
    },
    {
      "n_rods": 200,
      "n_pairs": 19900,
      "create_pairs": {
        "cpu_ms": 3.731884527951479,
        "cpu_std_ms": 0.19640295762684853,
        "gpu_ms": 3.7032385356724262,
        "gpu_std_ms": 0.03479294052341959,
        "speedup": 1.0077353894444316
      },
      "all_pairwise_distances": {
        "cpu_ms": 1.8627636134624481,
        "cpu_std_ms": 0.022569327334959557,
        "gpu_ms": 0.15388717874884605,
        "gpu_std_ms": 0.05033595140078568,
        "speedup": 12.104735616100937
      },
      "total_effective_potential": {
        "cpu_ms": 6.890735030174255,
        "cpu_std_ms": 0.06754905325945887,
        "gpu_ms": 0.4745357669889927,
        "gpu_std_ms": 0.011412226538505864,
        "speedup": 14.521002439704597
      },
      "grad_total_effective_potential": {
        "cpu_ms": 18.038912024348974,
        "cpu_std_ms": 0.2871445975540746,
        "gpu_ms": 0.7380571216344833,
        "gpu_std_ms": 0.010930154259327219,
        "speedup": 24.441078468832384
      }
    },
    {
      "n_rods": 500,
      "n_pairs": 124750,
      "create_pairs": {
        "cpu_ms": 14.904412534087896,
        "cpu_std_ms": 0.08212037353126729,
        "gpu_ms": 3.7665292620658875,
        "gpu_std_ms": 0.060198081539204445,
        "speedup": 3.957068031887011
      },
      "all_pairwise_distances": {
        "cpu_ms": 12.67381152138114,
        "cpu_std_ms": 0.08470125641134185,
        "gpu_ms": 0.6612259894609451,
        "gpu_std_ms": 0.042001826307872164,
        "speedup": 19.16714061967419
      },
      "total_effective_potential": {
        "cpu_ms": 42.577085830271244,
        "cpu_std_ms": 0.1513425492059162,
        "gpu_ms": 0.8150591515004635,
        "gpu_std_ms": 0.0529174511387921,
        "speedup": 52.23803174516841
      },
      "grad_total_effective_potential": {
        "cpu_ms": 158.65494534373283,
        "cpu_std_ms": 0.7255822566337146,
        "gpu_ms": 2.800077386200428,
        "gpu_std_ms": 0.040753830603064596,
        "speedup": 56.660914489588464
      }
    },
    {
      "n_rods": 1000,
      "n_pairs": 499500,
      "create_pairs": {
        "cpu_ms": 73.62195942550898,
        "cpu_std_ms": 0.21096411061447456,
        "gpu_ms": 4.172308556735516,
        "gpu_std_ms": 0.06314567080799982,
        "speedup": 17.645377474937288
      },
      "all_pairwise_distances": {
        "cpu_ms": 67.39797778427601,
        "cpu_std_ms": 0.3612487262751761,
        "gpu_ms": 2.5292166508734226,
        "gpu_std_ms": 0.04958945868327362,
        "speedup": 26.647767703490818
      },
      "total_effective_potential": {
        "cpu_ms": 187.71967450156808,
        "cpu_std_ms": 0.4525968797826624,
        "gpu_ms": 3.0494123697280884,
        "gpu_std_ms": 0.031109077174498668,
        "speedup": 61.55929462511715
      },
      "grad_total_effective_potential": {
        "cpu_ms": 670.4959145747125,
        "cpu_std_ms": 2.6163512531335593,
        "gpu_ms": 15.664226189255714,
        "gpu_std_ms": 0.08908874417811805,
        "speedup": 42.804279411811216
      }
    },
    {
      "n_rods": 2000,
      "n_pairs": 1999000,
      "create_pairs": {
        "cpu_ms": 335.90685399249196,
        "cpu_std_ms": 0.5727686274015588,
        "gpu_ms": 12.822480406612158,
        "gpu_std_ms": 0.08680973472342046,
        "speedup": 26.19671415674577
      },
      "all_pairwise_distances": {
        "cpu_ms": 273.1639442034066,
        "cpu_std_ms": 0.2317667801373933,
        "gpu_ms": 7.889239490032196,
        "gpu_std_ms": 0.031019272250338188,
        "speedup": 34.624876649839386
      },
      "total_effective_potential": {
        "cpu_ms": 764.5764785818756,
        "cpu_std_ms": 1.386775618530339,
        "gpu_ms": 11.586213205009699,
        "gpu_std_ms": 0.09609642520590174,
        "speedup": 65.99019585202218
      },
      "grad_total_effective_potential": {
        "cpu_ms": 2688.7255989946425,
        "cpu_std_ms": 1.598875588926351,
        "gpu_ms": 59.291408490389585,
        "gpu_std_ms": 0.04069149069751166,
        "speedup": 45.347642558203894
      }
    }
  ],
  "accuracy": [
    {
      "n_rods": 50,
      "n_pairs": 1225,
      "distances": {
        "max_abs": 4.440892098500626e-16,
        "rel_err": 1.8708105686110425e-16
      },
      "potential": {
        "cpu": -43.8514450164339,
        "gpu": -43.85144501643389,
        "max_abs": 7.105427357601002e-15,
        "rel_err": 1.620340528103042e-16
      },
      "gradient": {
        "max_abs": 9.162115510719104e-13,
        "rel_err": 1.1342793248086932e-13
      },
      "gradient_correlation": 0.9999999999999998
    },
    {
      "n_rods": 100,
      "n_pairs": 4950,
      "distances": {
        "max_abs": 4.440892098500626e-16,
        "rel_err": 1.687487268052681e-16
      },
      "potential": {
        "cpu": -155.60837262013845,
        "gpu": -155.6083726201385,
        "max_abs": 5.684341886080802e-14,
        "rel_err": 3.652979457575246e-16
      },
      "gradient": {
        "max_abs": 3.804179193878099e-12,
        "rel_err": 3.4290933939650095e-13
      },
      "gradient_correlation": 1.0
    },
    {
      "n_rods": 200,
      "n_pairs": 19900,
      "distances": {
        "max_abs": 4.440892098500626e-16,
        "rel_err": 1.4445740032030574e-16
      },
      "potential": {
        "cpu": -589.9140829396083,
        "gpu": -589.9140829396084,
        "max_abs": 1.1368683772161603e-13,
        "rel_err": 1.927176194117993e-16
      },
      "gradient": {
        "max_abs": 5.328626428990901e-12,
        "rel_err": 1.8247399928569634e-13
      },
      "gradient_correlation": 1.0
    },
    {
      "n_rods": 500,
      "n_pairs": 124750,
      "distances": {
        "max_abs": 6.661338147750939e-16,
        "rel_err": 2.1383066141067477e-16
      },
      "potential": {
        "cpu": -3699.4435171744153,
        "gpu": -3699.443517174416,