{
  "num_rods": 100,
  "AR": 10,
  "Nmax": 100,
  "N_outer": 1,
  "random_keys": [
    42,
    0,
    0
  ],
  "cpu_time_s": 7.528640270233154,
  "cpu_energy": -1730.387628661844,
  "gpu_time_s": 4.438192129135132,
  "gpu_energy": -1361.7392731590835,
  "speedup": 1.6963304091344635
}