{
  "num_rods": 50,
  "AR": 10,
  "Nmax": 100,
  "N_outer": 1,
  "random_keys": [
    42,
    0,
    0
  ],
  "cpu_time_s": 6.8547422885894775,
  "cpu_energy": -134.00899164674635,
  "gpu_time_s": 4.443362712860107,
  "gpu_energy": -87.68248307413327,
  "speedup": 1.5426924902507477
}