{
  "num_rods": 20,
  "AR": 10,
  "Nmax": 100,
  "N_outer": 1,
  "random_keys": [
    42,
    0,
    0
  ],
  "cpu_time_s": 7.794971227645874,
  "cpu_energy": -11.283411560571993,
  "gpu_time_s": 4.339580059051514,
  "gpu_energy": -10.796080436565372,
  "speedup": 1.7962501259510333
}