{
  "num_rods": 200,
  "AR": 10,
  "Nmax": 100,
  "N_outer": 1,
  "random_keys": [
    42,
    0,
    0
  ],
  "cpu_time_s": 10.095214605331421,
  "cpu_energy": -9730.46339040523,
  "gpu_time_s": 4.732692718505859,
  "gpu_energy": -9292.541015597779,
  "speedup": 2.133080511620147
}