{
  "num_rods": 200,
  "AR": 1000,
  "Nmax": 300,
  "N_outer": 1,
  "random_keys": [
    42,
    0,
    0
  ],
  "cpu_time_s": 18.179993391036987,
  "cpu_energy": -9893.82760625216,
  "gpu_time_s": 6.836720705032349,
  "gpu_energy": -9883.217951124167,
  "speedup": 2.65916865342402
}